,temp,tube
0,61.163137170831476,A1
1,62.42687718780009,A2
2,63.69061720476871,A3
3,64.95435722173731,A4
4,66.21809723870594,A5
5,67.48183725567455,A6
6,68.74557727264316,A7
7,70.00931728961177,A8
