,temp,tube
0,61.30854997171781,A1
1,62.55714925614817,A2
2,63.80574854057854,A3
3,65.0543478250089,A4
4,66.30294710943927,A5
5,67.55154639386964,A6
6,68.8001456783,A7
7,70.04874496273037,A8
