,temp,tube
0,61.14998332616322,A1
1,62.427018521667804,A2
2,63.70405371717238,A3
3,64.98108891267697,A4
4,66.25812410818153,A5
5,67.53515930368611,A6
6,68.8121944991907,A7
7,70.08922969469528,A8
