,frag_loc,conc_assumed,Sequence Length,dil_tube,equimolar ratio,inverse of conc,initial required amount,H20 to add to 1uL of fragment,new Conc,new required amount,final amount to add,location_of_assembly
0,G11,60,5621,G12,1.0,0.016666666666666666,1.6666666666666667,,,,1.6666666666666667,B10
1,A5,60,3539,F5,0.6296032734388899,0.016666666666666666,1.0493387890648165,,,,1.0493387890648165,B10
