,frag_loc,conc_assumed,Sequence Length,dil_tube,equimolar ratio,inverse of conc,initial required amount,H20 to add to 1uL of fragment,new Conc,new required amount,final amount to add,location_of_assembly
0,D11,60,4769,D12,1.0,0.016666666666666666,1.6666666666666667,,,,1.6666666666666667,C3
1,B5,60,1085,G5,0.22751100859719017,0.016666666666666666,0.37918501432865026,4.27447004608295,11.375550429859508,1.9999999999999998,1.9999999999999998,C3
