,temp,tube
0,50.66281635545529,A1
1,54.27786890021947,A2
2,57.892921444983635,A3
3,61.50797398974781,A4
4,65.12302653451198,A5
5,68.73807907927616,A6
6,72.35313162404033,A7
7,75.9681841688045,A8
