,Plasmid,Concentration,Buffer,BSA1,Volume of Plasmid,Volume of Water,total volume,Plasmid Location
0,pwl_406,394.0,5.0,1.0,3.807106598984771,40.192893401015226,50.0,A5
1,pwl_407,299.0,5.0,1.0,5.016722408026756,38.98327759197324,50.0,A6
2,pwl_408,,5.0,1.0,,,50.0,B1
3,pwl_410,,5.0,1.0,,,50.0,B2
4,pwl_411,,5.0,1.0,,,50.0,B3
5,pwl_412,,5.0,1.0,,,50.0,B4
