,frag_loc,conc_assumed,Sequence Length,equimolar ratio,inverse of conc,initial required amount,H20 to add to 1uL of fragment,new Conc,new required amount,final amount to add,location_of_assembly
0,E11,55.0,5621,1.0,0.01818181818181818,1.8181818181818181,,,,1.8181818181818181,B8
1,C1,22.0,3151,0.5605764098914784,0.045454545454545456,2.548074590415811,,,,2.548074590415811,B8
2,B1,33.0,425,0.07560932218466465,0.030303030303030304,0.22911915813534744,7.729082352941175,3.7804661092332332,1.9999999999999998,1.9999999999999998,B8
