,Unnamed: 0,temp,tube
0,0,61.088081849097726,A1
1,1,63.183459992001474,B1
2,2,65.27883813490523,C1
3,3,67.37421627780897,D1
4,4,69.46959442071272,E1
5,5,71.56497256361648,F1
6,6,73.66035070652022,G1
7,7,75.75572884942397,H1
