,frag_loc,conc_assumed,Sequence Length,equimolar ratio,inverse of conc,initial required amount,H20 to add to 1uL of fragment,new Conc,new required amount,final amount to add,location_of_assembly
0,E11,22.0,5621,1.0,0.045454545454545456,4.545454545454546,,,,4.545454545454546,B8
1,C1,55.0,3151,0.5605764098914784,0.01818181818181818,1.0192298361663243,,,,1.0192298361663243,B8
2,B1,25.0,425,0.07560932218466465,0.04,0.3024372887386586,5.6129411764705885,3.7804661092332323,2.0,2.0,B8
