,temp,tube
0,61.09256421669516,A1
1,63.18589772596967,B1
2,65.27923123524417,C1
3,67.37256474451868,D1
4,69.46589825379318,E1
5,71.55923176306769,F1
6,73.6525652723422,G1
7,75.7458987816167,H1
