,temp,tube
0,51.06264069117439,A1
1,53.88678813415254,A2
2,56.710935577130684,A3
3,59.535083020108836,A4
4,62.35923046308699,A5
5,65.18337790606513,A6
6,68.00752534904328,A7
7,70.83167279202144,A8
