,temp,tube
0,57.9369914719864,A1
1,59.70008875521843,A2
2,61.46318603845046,A3
3,63.22628332168249,A4
4,64.98938060491452,A5
5,66.75247788814654,A6
6,68.51557517137857,A7
7,70.2786724546106,A8
