,temp,tube
0,61.173206221712384,A1
1,62.436018580209826,A2
2,63.69883093870727,A3
3,64.9616432972047,A4
4,66.22445565570214,A5
5,67.48726801419959,A6
6,68.75008037269703,A7
7,70.01289273119447,A8
