,frag_loc,conc_assumed,Sequence Length,equimolar ratio,inverse of conc,initial required amount,H20 to add to 1uL of fragment,new Conc,new required amount,final amount to add,location_of_assembly
0,E1,55.0,763,0.72117202268431,0.01818181818181818,1.311221859426018,,,,1.311221859426018,B8
1,D1,55.0,1058,1.0,0.01818181818181818,1.8181818181818181,,,,1.8181818181818181,B8
2,H1,55.0,720,0.6805293005671077,0.01818181818181818,1.2373260010311047,,,,1.2373260010311047,B8
3,E2,55.0,1000,0.945179584120983,0.01818181818181818,1.7185083347654235,,,,1.7185083347654235,B8
