,frag_loc,conc_assumed,Sequence Length,equimolar ratio,inverse of conc,initial required amount,H20 to add to 1uL of fragment,new Conc,new required amount,final amount to add,location_of_assembly
0,E11,545.0,5621,1.0,0.001834862385321101,0.1834862385321101,9.899999999999999,50.00000000000001,1.9999999999999998,1.9999999999999998,B8
1,D1,45.0,3151,0.5605764098914784,0.022222222222222223,1.2457253553143965,,,,1.2457253553143965,B8
2,C1,45.0,425,0.07560932218466465,0.022222222222222223,0.16802071596592147,10.903294117647057,3.7804661092332332,1.9999999999999998,1.9999999999999998,B8
