,temp,tube
0,59.00739106129538,A1
1,61.0990759704742,B1
2,63.19076087965303,C1
3,65.28244578883185,D1
4,67.37413069801067,E1
5,69.46581560718951,F1
6,71.55750051636834,G1
7,73.64918542554716,H1
