,temp,tube
0,62.25417871183789,A1
1,62.876362924259205,B1
2,63.49854713668052,C1
3,64.12073134910185,D1
4,64.74291556152316,E1
5,65.36509977394448,F1
6,65.9872839863658,G1
7,66.60946819878711,H1
