,temp,tube
0,61.15887108939336,A1
1,62.42821777680641,A2
2,63.69756446421947,A3
3,64.96691115163253,A4
4,66.23625783904558,A5
5,67.50560452645864,A6
6,68.77495121387169,A7
7,70.04429790128475,A8
