,temp,tube
0,61.11867704690881,A1
1,63.20207906743453,B1
2,65.28548108796025,C1
3,67.36888310848597,D1
4,69.4522851290117,E1
5,71.53568714953742,F1
6,73.61908917006315,G1
7,75.70249119058887,H1
