,temp,tube
0,61.16767806650506,A1
1,62.43882459320117,A2
2,63.709971119897276,A3
3,64.98111764659339,A4
4,66.25226417328949,A5
5,67.5234106999856,A6
6,68.7945572266817,A7
7,70.06570375337782,A8
