,temp,tube
0,61.1876183694574,A1
1,62.4532027200539,A2
2,63.71878707065041,A3
3,64.9843714212469,A4
4,66.24995577184342,A5
5,67.51554012243992,A6
6,68.78112447303643,A7
7,70.04670882363293,A8
