,temp,tube
0,61.15124163755394,A1
1,62.42948352792487,A2
2,63.70772541829581,A3
3,64.98596730866674,A4
4,66.26420919903768,A5
5,67.54245108940862,A6
6,68.82069297977955,A7
7,70.09893487015049,A8
