,temp,tube
0,56.929155173188605,A1
1,59.01445387464479,B1
2,61.099752576100975,C1
3,63.185051277557164,D1
4,65.27034997901335,E1
5,67.35564868046953,F1
6,69.44094738192572,G1
7,71.5262460833819,H1
