,temp,tube
0,58.68528644859431,A1
1,60.85454528942926,A2
2,63.02380413026422,A3
3,65.19306297109917,A4
4,67.36232181193412,A5
5,69.53158065276908,A6
6,71.70083949360402,A7
7,73.87009833443898,A8
