,Primary Template,Template Concentration,template_well,amount of template to add,concentration of template (ng/uL),volume of dilute template prepared,water to add
0,pwl90,22.0,B3,1.0,10.879999999999999,2.022058823529412,1.0220588235294121
1,pwl248,15.0,B4,1.0,10.879999999999999,1.3786764705882355,0.3786764705882355
