,frag_loc,conc_assumed,Sequence Length,equimolar ratio,inverse of conc,initial required amount,H20 to add to 1uL of fragment,new Conc,new required amount,final amount to add,location_of_assembly
0,E11,55.0,5621,1.0,0.01818181818181818,1.8181818181818181,,,,1.8181818181818181,B8
1,C1,55.0,3151,0.5605764098914784,0.01818181818181818,1.0192298361663243,,,,1.0192298361663243,B8
2,B1,55.0,425,0.07560932218466465,0.01818181818181818,0.13747149488120847,13.548470588235293,3.780466109233233,2.0,2.0,B8
