,frag_loc,conc_assumed,Sequence Length,equimolar ratio,inverse of conc,initial required amount,H20 to add to 1uL of fragment,new Conc,new required amount,final amount to add,location_of_assembly
0,F11,55.0,4789,1.0,0.01818181818181818,1.8181818181818181,,,,1.8181818181818181,B9
1,B2,55.0,717,0.14971810398830654,0.01818181818181818,0.2722147345241937,6.347140864714087,7.485905199415327,2.0,2.0,B9
2,D1,55.0,405,0.08456880350803926,0.01818181818181818,0.15376146092370774,12.007160493827161,4.228440175401962,2.0000000000000004,2.0000000000000004,B9
