,temp,tube
0,57.91901813439917,A1
1,59.70797513211678,A2
2,61.4969321298344,A3
3,63.28588912755201,A4
4,65.07484612526963,A5
5,66.86380312298725,A6
6,68.65276012070485,A7
7,70.44171711842247,A8
