,temp,tube
0,59.014749823719825,A1
1,61.1023388220217,B1
2,63.189927820323575,C1
3,65.27751681862544,D1
4,67.36510581692733,E1
5,69.4526948152292,F1
6,71.54028381353106,G1
7,73.62787281183294,H1
