,temp,tube
0,50.29877762915102,A1
1,55.23901546233719,A2
2,60.17925329552337,A3
3,65.11949112870954,A4
4,70.05972896189573,A5
5,74.9999667950819,A6
6,79.94020462826808,A7
7,84.88044246145425,A8
