,temp,tube
0,67.54159765004525,A1
1,67.53701142144004,B1
2,67.53242519283482,C1
3,67.52783896422962,D1
4,67.5232527356244,E1
5,67.51866650701919,F1
6,67.51408027841397,G1
7,67.50949404980877,H1
