,temp,tube
0,61.17254991406587,A1
1,62.434702983992125,A2
2,63.69685605391839,A3
3,64.95900912384464,A4
4,66.22116219377091,A5
5,67.48331526369716,A6
6,68.74546833362342,A7
7,70.00762140354968,A8
