,temp,tube
0,61.085178671039536,A1
1,63.18342554330669,B1
2,65.28167241557385,C1
3,67.379919287841,D1
4,69.47816616010816,E1
5,71.57641303237531,F1
6,73.67465990464247,G1
7,75.77290677690962,H1
