,temp,tube
0,57.92804541996085,A1
1,59.69957184853372,A2
2,61.4710982771066,A3
3,63.24262470567947,A4
4,65.01415113425234,A5
5,66.78567756282521,A6
6,68.55720399139808,A7
7,70.32873041997095,A8
