,temp,tube
0,55.84483619386507,A1
1,57.97132055888634,A2
2,60.09780492390762,A3
3,62.22428928892889,A4
4,64.35077365395016,A5
5,66.47725801897144,A6
6,68.60374238399271,A7
7,70.73022674901398,A8
