,temp,tube
0,61.183337863218746,A1
1,62.44562564917373,A2
2,63.7079134351287,A3
3,64.97020122108368,A4
4,66.23248900703867,A5
5,67.49477679299363,A6
6,68.75706457894862,A7
7,70.0193523649036,A8
