,temp,tube
0,61.09280758946825,A1
1,63.184325214748604,B1
2,65.27584284002896,C1
3,67.3673604653093,D1
4,69.45887809058965,E1
5,71.55039571587,F1
6,73.64191334115036,G1
7,75.7334309664307,H1
