,frag_loc,conc_assumed,Sequence Length,equimolar ratio,inverse of conc,initial required amount,H20 to add to 1uL of fragment,new Conc,new required amount,final amount to add,location_of_assembly
0,F11,60,4789,1.0,0.016666666666666666,1.6666666666666667,,,,1.6666666666666667,B9
1,C2,60,717,0.14971810398830654,0.016666666666666666,0.24953017331384422,7.015062761506277,7.485905199415326,2.0,2.0,B9
2,E1,60,405,0.08456880350803926,0.016666666666666666,0.14094800584673212,13.189629629629627,4.228440175401964,1.9999999999999996,1.9999999999999996,B9
