,temp,tube
0,59.01615083025874,A1
1,61.100968000466054,B1
2,63.18578517067336,C1
3,65.27060234088069,D1
4,67.35541951108799,E1
5,69.4402366812953,F1
6,71.52505385150262,G1
7,73.60987102170994,H1
