,temp,tube
0,61.209614284481276,A1
1,62.46709721143201,A2
2,63.72458013838274,A3
3,64.98206306533348,A4
4,66.2395459922842,A5
5,67.49702891923494,A6
6,68.75451184618568,A7
7,70.01199477313641,A8
