,temp,tube
0,67.6387071603868,A1
1,67.98040217529108,A2
2,68.32209719019535,A3
3,68.66379220509963,A4
4,69.00548722000389,A5
5,69.34718223490816,A6
6,69.68887724981244,A7
7,70.03057226471671,A8
