,temp,tube
0,63.907042970080354,A1
1,64.59332568877866,B1
2,65.27960840747697,C1
3,65.96589112617528,D1
4,66.65217384487357,E1
5,67.33845656357188,F1
6,68.02473928227019,G1
7,68.7110220009685,H1
