,temp,tube
0,57.88158839220018,A1
1,59.70438016507438,A2
2,61.52717193794858,A3
3,63.349963710822784,A4
4,65.17275548369699,A5
5,66.99554725657119,A6
6,68.8183390294454,A7
7,70.6411308023196,A8
