,temp,tube
0,61.11495257079464,A1
1,63.19494771413637,B1
2,65.2749428574781,C1
3,67.35493800081981,D1
4,69.43493314416153,E1
5,71.51492828750327,F1
6,73.59492343084499,G1
7,75.6749185741867,H1
