,temp,tube
0,58.99870594530009,A1
1,61.09184187747616,B1
2,63.18497780965223,C1
3,65.2781137418283,D1
4,67.37124967400437,E1
5,69.46438560618046,F1
6,71.55752153835653,G1
7,73.6506574705326,H1
