,frag_loc,conc_assumed,Sequence Length,equimolar ratio,inverse of conc,initial required amount,H20 to add to 1uL of fragment,new Conc,new required amount,final amount to add,location_of_assembly
0,F11,60,4789,1.0,0.016666666666666666,1.6666666666666667,,,,1.6666666666666667,B10
1,F1,60,347,0.07245771559824599,0.016666666666666666,0.12076285933040998,15.561383285302593,3.6228857799122993,1.9999999999999998,1.9999999999999998,B10
