,temp,tube
0,67.49727099197364,A1
1,67.50566032913889,B1
2,67.51404966630415,C1
3,67.5224390034694,D1
4,67.53082834063466,E1
5,67.53921767779991,F1
6,67.54760701496517,G1
7,67.55599635213042,H1
