,temp,tube
0,61.304296134796054,A1
1,62.551815138461144,A2
2,63.799334142126234,A3
3,65.04685314579132,A4
4,66.29437214945641,A5
5,67.5418911531215,A6
6,68.78941015678659,A7
7,70.03692916045168,A8
