,frag_loc,conc_assumed,Sequence Length,dil_tube,equimolar ratio,inverse of conc,initial required amount,H20 to add to 1uL of fragment,new Conc,new required amount,final amount to add,location_of_assembly
0,A4,60,763,F4,0.721172023,0.016666667,0.006009767,5,0.180293006,2,2,B9
1,A3,60,1058,F3,1,0.016666667,0.008333333,5,0.25,2,2,B9
2,B2,60,759,G2,0.717391304,0.016666667,0.005978261,5,0.179347826,2,2,B9
3,B4,60,1000,G4,0.945179584,0.016666667,0.007876497,5,0.236294896,2,2,B9
