,temp,tube
0,57.95723051495064,A1
1,59.70234913517192,A2
2,61.4474677553932,A3
3,63.19258637561448,A4
4,64.93770499583576,A5
5,66.68282361605705,A6
6,68.42794223627833,A7
7,70.1730608564996,A8
