,frag_loc,conc_assumed,Sequence Length,equimolar ratio,inverse of conc,initial required amount,H20 to add to 1uL of fragment,new Conc,new required amount,final amount to add,location_of_assembly
0,E11,60,5621,1.0,0.016666666666666666,1.6666666666666667,,,,1.6666666666666667,B8
1,D1,60,3151,0.5605764098914784,0.016666666666666666,0.9342940164857974,1.1406537607108853,28.02882049457392,2.0,2.0,B8
2,C1,60,425,0.07560932218466465,0.016666666666666666,0.1260155369744411,14.87105882352941,3.7804661092332332,1.9999999999999998,1.9999999999999998,B8
