,Plasmid,Concentration,Volume of Plasmid,Volume of Water,total volume,Plasmid Location
0,pwl_408,145.0,8.275862068965518,41.724137931034484,50.0,B3
1,pwl_411,110.0,10.909090909090908,39.09090909090909,50.0,B4
