,temp,tube
0,61.09257555744016,A1
1,63.18066787389289,B1
2,65.26876019034562,C1
3,67.35685250679833,D1
4,69.44494482325106,E1
5,71.5330371397038,F1
6,73.62112945615651,G1
7,75.70922177260924,H1
