,temp,tube
0,61.15009779956033,A1
1,62.41750233381198,A2
2,63.68490686806364,A3
3,64.95231140231529,A4
4,66.21971593656696,A5
5,67.48712047081861,A6
6,68.75452500507026,A7
7,70.02192953932192,A8
