,Unnamed: 0,temp,tube
0,0,59.34023464340536,A1
1,1,60.65169547226548,B1
2,2,61.96315630112559,C1
3,3,63.274617129985714,D1
4,4,64.58607795884583,E1
5,5,65.89753878770594,F1
6,6,67.20899961656606,G1
7,7,68.52046044542618,H1
