,temp,tube
0,67.59510169253204,A1
1,67.58011168169158,B1
2,67.56512167085113,C1
3,67.55013166001066,D1
4,67.53514164917021,E1
5,67.52015163832975,F1
6,67.5051616274893,G1
7,67.49017161664884,H1
