,temp,tube
0,61.07902251229636,A1
1,63.17453884147331,B1
2,65.27005517065025,C1
3,67.3655714998272,D1
4,69.46108782900414,E1
5,71.55660415818109,F1
6,73.65212048735803,G1
7,75.74763681653498,H1
