,frag_loc,conc_assumed,Sequence Length,dil_tube,equimolar ratio,inverse of conc,initial required amount,H20 to add to 1uL of fragment,new Conc,new required amount,final amount to add,location_of_assembly
0,A4,60,763,F4,0.72117202268431,0.016666666666666666,1.2019533711405166,,,,1.2019533711405166,B10
1,A3,60,1058,F3,1.0,0.016666666666666666,1.6666666666666667,,,,1.6666666666666667,B10
2,C2,60,723,H2,0.6833648393194707,0.016666666666666666,1.1389413988657846,,,,1.1389413988657846,B10
3,B3,60,1000,G3,0.945179584120983,0.016666666666666666,1.575299306868305,,,,1.575299306868305,B10
