,frag_loc,conc_assumed,Sequence Length,dil_tube,equimolar ratio,inverse of conc,initial required amount,H20 to add to 1uL of fragment,new Conc,new required amount,final amount to add,location_of_assembly
0,A4,60,763,F4,0.72117202268431,0.016666666666666666,1.2019533711405166,,,,1.2019533711405166,B11
1,A3,60,1058,F3,1.0,0.016666666666666666,1.6666666666666667,,,,1.6666666666666667,B11
2,A7,60,720,F7,0.6805293005671077,0.016666666666666666,1.1342155009451793,,,,1.1342155009451793,B11
3,B3,60,1000,G3,0.945179584120983,0.016666666666666666,1.575299306868305,,,,1.575299306868305,B11
