,temp,tube
0,58.070327774112826,A1
1,59.781499456105294,A2
2,61.492671138097755,A3
3,63.20384282009022,A4
4,64.91501450208268,A5
5,66.62618618407515,A6
6,68.33735786606762,A7
7,70.04852954806009,A8
