,frag_loc,conc_assumed,Sequence Length,equimolar ratio,inverse of conc,initial required amount,H20 to add to 1uL of fragment,new Conc,new required amount,final amount to add,location_of_assembly
0,F11,22.3,4789,1.0,0.04484304932735426,4.484304932735426,,,,4.484304932735426,B9
1,D2,58.6,717,0.14971810398830654,0.017064846416382253,0.25549164503123983,6.828044630404463,7.485905199415327,2.0,2.0,B9
2,F1,117.4,405,0.08456880350803926,0.008517887563884156,0.07203475596936905,26.764375308641974,4.228440175401963,2.0,2.0,B9
