,temp,tube
0,56.8774894743419,A1
1,58.9755956560473,B1
2,61.073701837752694,C1
3,63.17180801945809,D1
4,65.26991420116349,E1
5,67.36802038286889,F1
6,69.46612656457428,G1
7,71.56423274627969,H1
