,temp,tube
0,61.16329411013557,A1
1,62.43033715174918,A2
2,63.69738019336278,A3
3,64.9644232349764,A4
4,66.23146627659,A5
5,67.4985093182036,A6
6,68.76555235981722,A7
7,70.03259540143083,A8
