,Primary Template,Template Concentration,template_well,amount of template to add,concentration of template (ng/uL),volume of dilute template prepared,water to add
0,pwl90,152.0,B3,1.0,10.879999999999999,13.97058823529412,12.97058823529412
1,pwl248,191.0,B4,1.0,10.879999999999999,17.555147058823533,16.555147058823533
