,temp,tube
0,58.68354445133963,A1
1,60.854362578642075,A2
2,63.02518070594453,A3
3,65.19599883324697,A4
4,67.36681696054943,A5
5,69.53763508785188,A6
6,71.70845321515432,A7
7,73.87927134245678,A8
