,temp,tube
0,67.59658347776849,A1
1,67.94029463785594,A2
2,68.2840057979434,A3
3,68.62771695803085,A4
4,68.97142811811831,A5
5,69.31513927820576,A6
6,69.65885043829321,A7
7,70.00256159838067,A8
