,temp,tube
0,56.91843357956757,A1
1,59.008546466014984,B1
2,61.0986593524624,C1
3,63.18877223890981,D1
4,65.27888512535723,E1
5,67.36899801180465,F1
6,69.45911089825206,G1
7,71.54922378469948,H1
