,temp,tube
0,60.189710021338044,A1
1,61.59375146142502,B1
2,62.997792901512,C1
3,64.40183434159898,D1
4,65.80587578168596,E1
5,67.20991722177294,F1
6,68.61395866185991,G1
7,70.0180001019469,H1
