,Unnamed: 0,temp,tube
0,0,59.00927700992967,A1
1,1,61.09626475189079,B1
2,2,63.18325249385192,C1
3,3,65.27024023581303,D1
4,4,67.35722797777416,E1
5,5,69.44421571973528,F1
6,6,71.5312034616964,G1
7,7,73.61819120365753,H1
