,temp,tube
0,58.95152842786328,A1
1,61.0553981982852,A2
2,63.159267968707105,A3
3,65.26313773912902,A4
4,67.36700750955093,A5
5,69.47087727997285,A6
6,71.57474705039476,A7
7,73.67861682081667,A8
