,Primary Template,Template Concentration,template_well,amount of template to add,concentration of template (ng/uL),volume of dilute template prepared,water to add
0,pwl90,125.0,B3,1.0,10.879999999999999,11.488970588235295,10.488970588235295
1,pwl248,192.0,B4,1.0,10.879999999999999,17.647058823529413,16.647058823529413
