,temp,tube
0,60.15593394467217,A1
1,61.57806877917968,B1
2,63.0002036136872,C1
3,64.42233844819471,D1
4,65.84447328270222,E1
5,67.26660811720974,F1
6,68.68874295171724,G1
7,70.11087778622476,H1
