,temp,tube
0,59.01606325240083,A1
1,61.10440259286807,B1
2,63.1927419333353,C1
3,65.28108127380254,D1
4,67.36942061426977,E1
5,69.457759954737,F1
6,71.54609929520424,G1
7,73.63443863567147,H1
