,temp,tube
0,59.03115891595717,A1
1,61.112927345682415,B1
2,63.19469577540765,C1
3,65.2764642051329,D1
4,67.35823263485814,E1
5,69.44000106458338,F1
6,71.52176949430861,G1
7,73.60353792403386,H1
