,Unnamed: 0,temp,tube
0,0,59.34261250689238,A1
1,1,60.65391931460677,B1
2,2,61.96522612232116,C1
3,3,63.27653293003555,D1
4,4,64.58783973774995,E1
5,5,65.89914654546433,F1
6,6,67.21045335317872,G1
7,7,68.52176016089311,H1
