,temp,tube
0,58.666141596783575,A1
1,60.84154404732719,A2
2,63.016946497870805,A3
3,65.19234894841442,A4
4,67.36775139895803,A5
5,69.54315384950165,A6
6,71.71855630004526,A7
7,73.89395875058888,A8
