,Primary Template,Template Concentration,template_well,amount of template to add,concentration of template (ng/uL),volume of dilute template prepared,water to add
0,pwl90,25.0,B3,1.0,10.879999999999999,2.297794117647059,1.2977941176470589
1,pwl248,33.0,B4,1.0,10.879999999999999,3.0330882352941178,2.0330882352941178
