,temp,tube
0,61.09340758889541,A1
1,63.18590466461216,B1
2,65.2784017403289,C1
3,67.37089881604565,D1
4,69.4633958917624,E1
5,71.55589296747915,F1
6,73.6483900431959,G1
7,75.74088711891265,H1
