,temp,tube
0,61.466972766943485,A1
1,62.69361963990611,A2
2,63.920266512868736,A3
3,65.14691338583137,A4
4,66.37356025879399,A5
5,67.60020713175662,A6
6,68.82685400471924,A7
7,70.05350087768187,A8
