,frag_loc,conc_assumed,Sequence Length,dil_tube,equimolar ratio,inverse of conc,initial required amount,H20 to add to 1uL of fragment,new Conc,new required amount,final amount to add,location_of_assembly
0,C11,60,4789,C12,1.0,0.016666666666666666,1.6666666666666667,,,,1.6666666666666667,C2
1,B4,60,1085,G4,0.22656086865733974,0.016666666666666666,0.3776014477622329,4.296589861751151,11.328043432866988,2.0,2.0,C2
