,temp,tube
0,60.98326107225911,A1
1,62.36695770084656,A2
2,63.750654329434006,A3
3,65.13435095802146,A4
4,66.5180475866089,A5
5,67.90174421519635,A6
6,69.2854408437838,A7
7,70.66913747237125,A8
