,temp,tube
0,61.14978748978966,A1
1,62.418709076643644,A2
2,63.68763066349762,A3
3,64.9565522503516,A4
4,66.22547383720558,A5
5,67.49439542405956,A6
6,68.76331701091355,A7
7,70.03223859776753,A8
