,frag_loc,conc_assumed,Sequence Length,equimolar ratio,inverse of conc,initial required amount,H20 to add to 1uL of fragment,new Conc,new required amount,final amount to add,location_of_assembly
0,E11,60,5621,1.0,0.016666666666666666,1.6666666666666667,,,,1.6666666666666667,B8
1,A1,60,3158,0.5618217399039317,0.016666666666666666,0.9363695665065528,1.1359088030398987,28.091086995196584,2.0,2.0,B8
