,frag_loc,conc_assumed,Sequence Length,equimolar ratio,inverse of conc,initial required amount,H20 to add to 1uL of fragment,new Conc,new required amount,final amount to add,location_of_assembly
0,E11,60,5621,1.0,0.016666666666666666,1.6666666666666667,,,,1.6666666666666667,B9
1,H1,60,347,0.06173278776018502,0.016666666666666666,0.10288797960030838,18.438616714697403,3.0866393880092517,1.9999999999999996,1.9999999999999996,B9
