,temp,tube
0,67.51096769151118,A1
1,67.5136278318234,B1
2,67.5162879721356,C1
3,67.51894811244782,D1
4,67.52160825276002,E1
5,67.52426839307223,F1
6,67.52692853338444,G1
7,67.52958867369665,H1
