,frag_loc,conc_assumed,Sequence Length,dil_tube,equimolar ratio,inverse of conc,initial required amount,H20 to add to 1uL of fragment,new Conc,new required amount,final amount to add,location_of_assembly
0,E11,60,1674,E12,1.0,0.016666666666666666,1.6666666666666667,,,,1.6666666666666667,B8
1,A1,60,720,F1,0.43010752688172044,0.016666666666666666,0.7168458781362007,1.79,21.50537634408602,1.9999999999999998,1.9999999999999998,B8
2,A4,60,405,F4,0.24193548387096775,0.016666666666666666,0.40322580645161293,3.96,12.096774193548388,2.0,2.0,B8
