,temp,tube
0,66.5494683956459,A1
1,67.04431590859392,A2
2,67.53916342154193,A3
3,68.03401093448994,A4
4,68.52885844743797,A5
5,69.02370596038598,A6
6,69.518553473334,A7
7,70.01340098628201,A8
