,temp,tube
0,61.26101486749672,A1
1,62.511345255413524,A2
2,63.76167564333032,A3
3,65.01200603124713,A4
4,66.26233641916393,A5
5,67.51266680708072,A6
6,68.76299719499752,A7
7,70.01332758291433,A8
