,temp,tube
0,57.98507557010919,A1
1,60.10592183107831,B1
2,62.226768092047436,C1
3,64.34761435301655,D1
4,66.46846061398568,E1
5,68.5893068749548,F1
6,70.71015313592392,G1
7,72.83099939689305,H1
