,temp,tube
0,56.918616087755744,A1
1,59.00959771390131,B1
2,61.10057934004687,C1
3,63.19156096619243,D1
4,65.28254259233799,E1
5,67.37352421848355,F1
6,69.46450584462912,G1
7,71.55548747077468,H1
