,temp,tube
0,59.01100633197107,A1
1,61.09806551713656,B1
2,63.185124702302055,C1
3,65.27218388746755,D1
4,67.35924307263303,E1
5,69.44630225779854,F1
6,71.53336144296404,G1
7,73.62042062812952,H1
