,temp,tube
0,61.886726818770136,A1
1,65.18964557692343,A2
2,68.49256433507671,A3
3,71.79548309323,A4
4,75.0984018513833,A5
5,78.40132060953658,A6
6,81.70423936768987,A7
7,85.00715812584316,A8
