,temp,tube
0,60.16243693732469,A1
1,61.57937290919214,B1
2,62.996308881059576,C1
3,64.41324485292702,D1
4,65.83018082479447,E1
5,67.2471167966619,F1
6,68.66405276852934,G1
7,70.08098874039679,H1
