,frag_loc,conc_assumed,Sequence Length,dil_tube,equimolar ratio,inverse of conc,initial required amount,H20 to add to 1uL of fragment,new Conc,new required amount,final amount to add,location_of_assembly
0,E11,60,1674,E12,0.5307545973367153,0.016666666666666666,0.8845909955611921,1.260931899641577,26.537729866835765,2.0,2.0,B9
1,A2,60,3154,F2,1.0,0.016666666666666666,1.6666666666666667,,,,1.6666666666666667,B9
2,B1,60,425,G1,0.13474952441344323,0.016666666666666666,0.22458254068907205,7.9054117647058835,6.7374762206721615,2.0,2.0,B9
