,temp,tube
0,66.45888103179655,A1
1,67.00067547159468,A2
2,67.54246991139279,A3
3,68.08426435119091,A4
4,68.62605879098903,A5
5,69.16785323078716,A6
6,69.70964767058527,A7
7,70.2514421103834,A8
