,frag_loc,conc_assumed,Sequence Length,dil_tube,equimolar ratio,inverse of conc,initial required amount,H20 to add to 1uL of fragment,new Conc,new required amount,final amount to add,location_of_assembly
0,A4,60,763,F4,0.72117202268431,0.016666666666666666,0.006009766855702583,331.7916120576671,0.1802930056710775,2.0,2.0,B9
1,A3,60,1058,F3,1.0,0.016666666666666666,0.008333333333333333,239.0,0.25,2.0,2.0,B9
2,B2,60,759,G2,0.717391304347826,0.016666666666666666,0.005978260869565217,333.54545454545456,0.1793478260869565,2.0,2.0,B9
3,B4,60,1000,G4,0.945179584120983,0.016666666666666666,0.007876496534341524,252.92000000000002,0.23629489603024573,2.0,2.0,B9
