,temp,tube
0,61.14946060568562,A1
1,62.427985361970805,A2
2,63.70651011825599,A3
3,64.98503487454117,A4
4,66.26355963082636,A5
5,67.54208438711154,A6
6,68.82060914339674,A7
7,70.09913389968192,A8
