,temp,tube
0,61.29607880520043,A1
1,62.54159881568151,A2
2,63.78711882616258,A3
3,65.03263883664367,A4
4,66.27815884712474,A5
5,67.52367885760582,A6
6,68.7691988680869,A7
7,70.01471887856798,A8
