,temp,tube
0,60.19519976467217,A1
1,61.60664622536218,B1
2,63.018092686052185,C1
3,64.42953914674219,D1
4,65.8409856074322,E1
5,67.2524320681222,F1
6,68.6638785288122,G1
7,70.07532498950222,H1
