,temp,tube
0,61.092042242323636,A1
1,63.18470516080354,B1
2,65.27736807928345,C1
3,67.37003099776335,D1
4,69.46269391624325,E1
5,71.55535683472316,F1
6,73.64801975320306,G1
7,75.74068267168296,H1
