,Plasmid,Concentration,Volume of Plasmid,Volume of Water,total volume,Plasmid Location
0,pwl_408,44.0,27.272727272727273,22.727272727272727,50.0,B3
1,pwl_411,44.0,27.272727272727273,22.727272727272727,50.0,B4
