,temp,tube
0,56.51846965724608,A1
1,58.68598125978874,A2
2,60.8534928623314,A3
3,63.02100446487405,A4
4,65.18851606741671,A5
5,67.35602766995937,A6
6,69.52353927250203,A7
7,71.6910508750447,A8
