,Primary Template,Template Concentration,template_well,amount of template to add,concentration of template (ng/uL),volume of dilute template prepared,water to add
0,pwl90,125.0,B3,1.0,10.879999999999999,11.488970588235295,10.488970588235295
1,pwl248,112.0,B4,1.0,10.879999999999999,10.294117647058824,9.294117647058824
