,frag_loc,conc_assumed,Sequence Length,dil_tube,equimolar ratio,inverse of conc,initial required amount,H20 to add to 1uL of fragment,new Conc,new required amount,final amount to add,location_of_assembly
0,A4,60,763,F4,0.72117202268431,0.016666666666666666,1.2019533711405166,,,,1.2019533711405166,B9
1,A3,60,1058,F3,1.0,0.016666666666666666,1.6666666666666667,,,,1.6666666666666667,B9
2,B2,60,759,G2,0.717391304347826,0.016666666666666666,1.1956521739130435,,,,1.1956521739130435,B9
3,B4,60,1000,G4,0.945179584120983,0.016666666666666666,1.575299306868305,,,,1.575299306868305,B9
