,temp,tube
0,61.162947396222705,A1
1,62.42863703533231,A2
2,63.69432667444192,A3
3,64.96001631355152,A4
4,66.22570595266113,A5
5,67.49139559177074,A6
6,68.75708523088034,A7
7,70.02277486998995,A8
