,temp,tube
0,52.10970690004627,A1
1,54.70515731338699,A2
2,57.300607726727705,A3
3,59.896058140068426,A4
4,62.49150855340915,A5
5,65.08695896674986,A6
6,67.68240938009059,A7
7,70.2778597934313,A8
