,temp,tube
0,58.13031725468423,A1
1,59.82868597390876,A2
2,61.5270546931333,A3
3,63.225423412357834,A4
4,64.92379213158237,A5
5,66.6221608508069,A6
6,68.32052957003144,A7
7,70.01889828925597,A8
