,temp,tube
0,68.99572848451886,A1
1,69.14036623018016,A2
2,69.28500397584146,A3
3,69.42964172150276,A4
4,69.57427946716406,A5
5,69.71891721282536,A6
6,69.86355495848666,A7
7,70.00819270414796,A8
