,temp,tube
0,61.56461079639358,A1
1,63.01356260104948,A2
2,64.46251440570538,A3
3,65.91146621036127,A4
4,67.36041801501716,A5
5,68.80936981967305,A6
6,70.25832162432896,A7
7,71.70727342898485,A8
