,Primary Template,Template Concentration,template_well,amount of template to add,concentration of template (ng/uL),volume of dilute template prepared,water to add
0,pwl90,35.0,B3,1.0,10.879999999999999,3.2169117647058827,2.2169117647058827
1,pwl248,50.0,B4,1.0,10.879999999999999,4.595588235294118,3.5955882352941178
