,temp,tube
0,56.647855065330724,A1
1,59.50281424281229,A2
2,62.35777342029385,A3
3,65.21273259777541,A4
4,68.06769177525699,A5
5,70.92265095273855,A6
6,73.77761013022013,A7
7,76.63256930770169,A8
