,Annealing temp,extension time (seconds)
0,60.57599999999999,26.580000000000002
