,temp,tube
0,57.096079204694966,A1
1,59.79015795751294,A2
2,62.484236710330904,A3
3,65.17831546314888,A4
4,67.87239421596685,A5
5,70.56647296878481,A6
6,73.26055172160278,A7
7,75.95463047442075,A8
