,temp,tube
0,52.09723371299492,A1
1,54.70973216204053,A2
2,57.32223061108614,A3
3,59.93472906013175,A4
4,62.54722750917736,A5
5,65.15972595822298,A6
6,67.77222440726858,A7
7,70.3847228563142,A8
