,temp,tube
0,61.185363782484664,A1
1,62.45200407314652,A2
2,63.71864436380838,A3
3,64.98528465447023,A4
4,66.25192494513209,A5
5,67.51856523579396,A6
6,68.78520552645581,A7
7,70.05184581711767,A8
