,temp,tube
0,53.86130472043592,A1
1,56.69346647745452,A2
2,59.52562823447312,A3
3,62.35778999149172,A4
4,65.18995174851032,A5
5,68.02211350552892,A6
6,70.85427526254753,A7
7,73.68643701956613,A8
