,temp,tube
0,67.49395972957659,A1
1,67.50282532366754,B1
2,67.51169091775847,C1
3,67.52055651184942,D1
4,67.52942210594037,E1
5,67.53828770003132,F1
6,67.54715329412225,G1
7,67.5560188882132,H1
