,Plasmid,Concentration,Volume of Plasmid,Volume of Water,total volume,Plasmid Location
0,pwl_408,343.0,3.498542274052478,46.501457725947525,50.0,A5
1,pwl_411,314.0,3.821656050955414,46.17834394904459,50.0,A6
