,temp,tube
0,60.184490994221406,A1
1,61.59267906184574,A2
2,63.00086712947007,A3
3,64.40905519709442,A4
4,65.81724326471874,A5
5,67.22543133234308,A6
6,68.63361939996742,A7
7,70.04180746759175,A8
