,Unnamed: 0,temp,tube
0,0,58.99274671318816,A1
1,1,61.0856274675322,B1
2,2,63.17850822187624,C1
3,3,65.27138897622028,D1
4,4,67.36426973056432,E1
5,5,69.45715048490835,F1
6,6,71.55003123925239,G1
7,7,73.64291199359643,H1
