,Primary Template,Template Concentration,template_well,amount of template to add,concentration of template (ng/uL),volume of dilute template prepared,water to add
0,pwl90,150.0,B3,1.0,10.879999999999999,13.786764705882355,12.786764705882355
1,pwl248,205.0,B4,1.0,10.879999999999999,18.841911764705884,17.841911764705884
