,temp,tube
0,57.95598778431079,A1
1,60.09378825135289,B1
2,62.23158871839498,C1
3,64.36938918543709,D1
4,66.50718965247917,E1
5,68.64499011952127,F1
6,70.78279058656337,G1
7,72.92059105360546,H1
