,temp,tube
0,61.09843434201119,A1
1,63.185557143744056,B1
2,65.27267994547692,C1
3,67.35980274720978,D1
4,69.44692554894266,E1
5,71.53404835067552,F1
6,73.62117115240838,G1
7,75.70829395414125,H1
