,Plasmid,Concentration,Volume of Plasmid,Volume of Water,total volume,Plasmid Location
0,pwl_408,33.3,36.03603603603604,13.963963963963963,50.0,B3
1,pwl_411,22.3,53.81165919282511,-3.811659192825111,50.0,B4
