,temp,tube
0,61.187268569135334,A1
1,62.44821412983868,A2
2,63.70915969054203,A3
3,64.97010525124537,A4
4,66.23105081194872,A5
5,67.49199637265207,A6
6,68.75294193335542,A7
7,70.01388749405876,A8
